CID,Status,Substance
5367650,1,CCC=CCCCCCCCCCCOC(=O)C
5283292,1,CCCCC=CCCCCO
5363095,1,CCCCC=CCCCCOC(=O)C
5363237,1,CCCC=CCCCCCCCOC(=O)C
1787910,1,CC=CC=CCCCCCCCO
6437401,1,CCC=CC=CCCCCCCOC(=O)C
5283305,1,CCCCC=CCCCCCCCCCCO
5364711,1,CCCCC=CCCCCCCCCCCOC(=O)C
5364495,1,CCCCC=CCCCCCCCCCC=O
5367692,1,CCC=CCCCCCCCCCCOC(=O)C
5364497,1,CCCCC=CCCCCCCCCCCCC=O
5364468,1,CCCCCCC=CCCCCCC=O
5363527,1,CCCCC=CCCCCCCOC(=O)C
5283295,1,CCCC=CCCCCCCCO
5363377,1,CCCC=CCCCCCCCOC(=O)C
6431341,1,CCCCCC=CCCCCCCCO
5363405,1,CCC=CCCCCCCCCOC(=O)C
5364643,1,CCCCCCC=CCCCCCCCC=O
5364714,1,CCCCC=CCCCCCCCCOC(=O)C
6436029,1,CCCCC=CCCC=CCCCCCCOC(=O)C
6436633,1,CC=CCC=CCCCCCCCCOC(=O)C
5363260,1,CCCCC=CCCCCCCCCC=CCCOC(=O)C
11304,1,CC1=CC=C(C2=CC=CC=C12)C
8174,1,CCCCCCCCCCO
151080,1,CC1=CC1
1486,1,C1=CC(=C(C=C1Cl)Cl)OCC(=O)O
1489,1,C1=CC(=C(C=C1Cl)Cl)OCCCC(=O)O
443055,1,CC(C)C(C)C(C(C(C)C1CCC2C1(CCC3C2COC(=O)C4C3(CC(C(C4)O)O)C)C)O)O
62389,1,C1=CC=C(C=C1)CNC2=NC=NC3=C2NC=N3
93315,1,CCCCCCCCCCCCC1=C(C(=O)C2=CC=CC=C2C1=O)OC(=O)C
213021,1,CC(=NC#N)N(C)CC1=CN=C(C=C1)Cl
176,1,CC(=O)O
92389,1,C1=CC=C(C=C1)OC2=C(C(=C(C=C2)[N+](=O)[O-])N)Cl
30332,1,[Al]#P
15604010,1,CCCCCCCCC1=C(N2C(=NC=N2)N=C1CC)N
91777,1,CN(S(=O)(=O)C)S(=O)(=O)NC(=O)NC1=NC(=CC(=N1)OC)OC
213012,1,C1=C(C(=C(N=C1Cl)C(=O)O)Cl)N
10238657,1,CC1=C(C2=C(N1S(=O)(=O)C3=NN(C=N3)S(=O)(=O)N(C)C)C=C(C=C2)F)Br
3034285,1,COC=C(C1=CC=CC=C1OC2=NC=NC(=C2)OC3=CC=CC=C3C#N)C(=O)OC
6451159,1,CCC(C(=O)NCC1=CC=CC=C1)OC2=CC(=C(C=C2)F)C(F)(F)F
176648,1,CC1=C(C(=CC=C1)C)N(C(C)C(=O)OC)C(=O)CC2=CC=CC=C2
2319,1,CCCCN(CC)C1=C(C=C(C=C1[N+](=O)[O-])C(F)(F)F)[N+](=O)[O-]
107828,1,COC1=CC(=NC(=N1)NC(=O)NS(=O)(=O)CC2=CC=CC=C2C(=O)O)OC
2328,1,CC(C)N1C(=O)C2=CC=CC=C2NS1(=O)=O
20593234,1,CC(C)C(C(=O)NC(C)C1=NC2=C(S1)C=C(C=C2)F)NC(=O)O
243,1,C1=CC=C(C=C1)C(=O)O
53491464,1,CN1C=C(C(=N1)C(F)F)C(=O)NC2=CC=CC3=C2C4CCC3C4=C(Cl)Cl
176879,1,CC(C)OC(=O)NNC1=C(C=CC(=C1)C2=CC=CC=C2)OC
39230,1,COC(=O)C1=C(C=CC(=C1)OC2=C(C=C(C=C2)Cl)Cl)[N+](=O)[O-]
11434448,1,CN1C=C(C(=N1)C(F)F)C(=O)NC2=C(C=C(C=C2)F)C3=CC(=C(C=C3)Cl)Cl
3444,1,C1C(COC1(CN2C=NC=N2)C3=C(C=C(C=C3)Cl)Cl)Br
38884,1,CCCCC1=C(N=C(N=C1OS(=O)(=O)N(C)C)NCC)C
50367,1,CC(C)N1C(=NC(C)(C)C)SCN(C1=O)C2=CC=CC=C2
10112,1,C(=O)([O-])[O-].[Ca+2]
6093208,1,[OH-].[OH-].[Ca+2]
8606,1,C1C=CCC2C1C(=O)N(C2=O)SC(Cl)(Cl)Cl
86222,1,CCOC(=O)C(CC1=CC(=C(C=C1Cl)F)N2C(=O)N(C(=N2)C)C(F)F)Cl
7439,1,CC1=CCC(CC1=O)C(=C)C
71853,1,COC(=O)NC1C(C(C(OC1OC2C(OC(C(C2O)N)OC3C(OC(C(C3O)N)O)CO)CO)CO)OC4C(C(C(C(O4)CO)OC5C(C(C(C(O5)CO)OC6C(C(C(C(O6)CO)OC7C(C(C(C(O7)CO)OC8C(C(C(C(O8)CO)OC9C(C(C(C(O9)CO)O)O)N)O)N)O)N)O)N)O)N)O)N)O
11271640,1,CC1=CC(=CC(=C1NC(=O)C2=CC(=NN2C3=C(C=CC=N3)Cl)Br)C(=O)NC)Cl
13837,1,C[N+](C)(C)CCCl
27375,1,CC1=C(C=C(C=C1)NC(=O)N(C)C)Cl
10157484,1,CC1=CC(=CC(=C1)C(=O)N(C(C)(C)C)NC(=O)C2=C(C3=C(C=C2)OCCC3)C)C
135491728,1,CCC(=NOCC=CCl)C1=C(CC(CC1=O)CC(C)SCC)O
5483847,1,CC(C(=O)O)OC1=CC=C(C=C1)OC2=C(C=C(C=N2)Cl)F
73670,1,C1=CC=C(C(=C1)C2=NN=C(N=N2)C3=CC=CC=C3Cl)Cl
54778,1,CC1(CON(C1=O)CC2=CC=CC=C2Cl)C
15553,1,C1=CC(=NC(=C1Cl)C(=O)O)Cl
164826,1,[OH-].[OH-].[Cu+2]
11578610,1,CC1=CC(=CC(=C1NC(=O)C2=CC(=NN2C3=C(C=CC=N3)Cl)Br)C(=O)NC)C#N
9862076,1,CC1=CC=C(C=C1)C2=C(N=C(N2S(=O)(=O)N(C)C)C#N)Cl
135438605,1,CCCC(=NOCC)C1=C(CC(CC1=O)C2CCCSC2)O
135515530,1,C1CC1CON=C(C2=C(C=CC(=C2F)F)C(F)(F)F)NC(=O)CC3=CC=CC=C3
11496052,1,CC(C)(C)C1=CC=C(C=C1)C(C#N)(C(=O)C2=CC=CC=C2C(F)(F)F)C(=O)OCCOC
180089,1,CCCCOC(=O)C(C)OC1=CC=C(C=C1)OC2=C(C=C(C=C2)C#N)F
5364079,1,CCNC(=O)NC(=O)C(=NOC)C#N
2912,1,CC1(C(C1C(=O)OC(C#N)C2=CC(=CC=C2)OC3=CC=CC=C3)C=C(Cl)Cl)C
86367,1,CC1=CC(=NC(=N1)NC2=CC=CC=C2)C3CC3
15331,1,CN(C)NC(=O)CCC(=O)O
10788,1,CN1CN(C(=S)SC1)C
40585,1,CC1(C(C1C(=O)OC(C#N)C2=CC(=CC=C2)OC3=CC=CC=C3)C=C(Br)Br)C
24540,1,[NH4+].[NH4+].OP(=O)([O-])[O-]
3030,1,COC1=C(C=CC(=C1C(=O)O)Cl)Cl
119435,1,CC(C(=O)O)OC1=C(C=C(C=C1)Cl)Cl
38687,1,CC(C(=O)O)OC1=CC=C(C=C1)OC2=C(C=C(C=C2)Cl)Cl
86173,1,CC1COC(O1)(CN2C=NC=N2)C3=C(C=C(C=C3)OC4=CC=C(C=C4)Cl)Cl
91735,1,C1=CC(=CC(=C1)OC2=C(C=CC=N2)C(=O)NC3=C(C=C(C=C3)F)F)C(F)(F)F
39722,1,CC1=C(C(=CC=C1)C)N(CCOC)C(=O)CCl
13633097,1,CC1=CSC(=C1N(C(C)COC)C(=O)CCl)C
5889665,1,COC1=C(C=C(C=C1)C(=CC(=O)N2CCOCC2)C3=CC=C(C=C3)Cl)OC
10936292,1,CC1=CC(=C(C=C1)C)OCC2=CC=CC=C2C(=NOC)C(=O)NC
6336603,1,[O-]P(=O)=O.[Na+].[Na+]
18771,1,C1=CC=C2C(=C1)C(=O)C3=C(C2=O)SC(=C(S3)C#N)C#N
8193,1,CCCCCCCCCCCCO
8205,1,CCCCCCCCCCCCOC(=O)C
61899,1,CC1CN(CC(O1)C)C2CCCCCCCCCCC2
17110,1,CCCCCCCCCCCCN=C(N)N.CC(=O)O
5363261,1,CCCCC=CCCCCCCCCC=CCCOC(=O)C
11549937,1,CCC(C)C1C(C=CC2(O1)CC3CC(O2)CC=C(C(C(C=CC=C4COC5C4(C(C=C(C5O)C)C(=O)O3)O)C)OC6CC(C(C(O6)C)OC7CC(C(C(O7)C)NC)OC)OC)C)C
10342051,1,CC(C)C(C1=CC=C(C=C1)Cl)C(=O)OC(C#N)C2=CC(=CC=C2)OC3=CC=CC=C3
27982,1,C(CCl)P(=O)(O)O
33360,1,CCOC1C(C2=C(O1)C=CC(=C2)OS(=O)(=O)C)(C)C
6325,1,C=C
71245,1,CCOC1=CC=C(C=C1)C(C)(C)COCC2=CC(=CC=C2)OC3=CC=CC=C3
153974,1,CCOC1=C(C=CC(=C1)C(C)(C)C)C2COC(=N2)C3=C(C=CC=C3F)F
3314,1,COC1=C(C=CC(=C1)CC=C)O
86356,1,CC(C)(C)C1=CC=C(C=C1)CCOC2=NC=NC3=CC=CC=C32
213031,1,CC1(CCCCC1)C(=O)NC2=C(C(=C(C=C2)O)Cl)Cl
11949285,1,CC(C(=O)O)OC1=CC=C(C=C1)OC2=NC3=C(O2)C=C(C=C3)Cl
91694,1,CC(CC1=CC=C(C=C1)C(C)(C)C)CN2CCCCC2
11493665,1,CC1=CC=CC=C1C2=C(N(N(C2=O)C(C)C)C(=O)SCC=C)N
9576412,1,CC1=NN(C(=C1C=NOCC2=CC=C(C=C2)C(=O)OC(C)(C)C)OC3=CC=CC=C3)C
24861,1,[O-]P(=O)([O-])[O-].[Fe+3]
24877,1,[O-]P(=O)([O-])OP(=O)([O-])[O-].[O-]P(=O)([O-])OP(=O)([O-])[O-].[O-]P(=O)([O-])OP(=O)([O-])[O-].[Fe+3].[Fe+3].[Fe+3].[Fe+3]
93539,1,COC1=CC(=NC(=N1)NC(=O)NS(=O)(=O)C2=C(C=CC=N2)C(F)(F)F)OC
11700495,1,COC1=NC=C(C2=NC(=NN21)S(=O)(=O)NC3=C(C=CC=C3F)F)F
70495450,1,COC1=C(C=CC(=C1F)C2=NC(=C(C(=C2F)N)Cl)C(=O)OCC3=CC=CC=C3)Cl
91733,1,CC(C(=O)O)OC1=CC=C(C=C1)OC2=NC=C(C=C2)C(F)(F)F
91731,1,C1=C(C=NC(=C1Cl)NC2=C(C=C(C(=C2[N+](=O)[O-])Cl)C(F)(F)F)[N+](=O)[O-])C(F)(F)F
11193251,1,CC1=C(C=CC(=C1)C(C(F)(F)F)(C(F)(F)F)F)NC(=O)C2=C(C(=CC=C2)I)C(=O)NC(C)(C)CS(=O)(=O)C
86398,1,C1=CC(=C2C(=C1)OC(O2)(F)F)C3=CNC=C3C#N
62210,1,CCN(CC1=C(C=CC=C1Cl)F)C2=C(C=C(C=C2[N+](=O)[O-])C(F)(F)F)[N+](=O)[O-]
92425,1,C#CCN1C(=O)COC2=CC(=C(C=C21)N3C(=O)C4=C(C3=O)CCCC4)F
16562,1,CN(C)C(=O)NC1=CC=CC(=C1)C(F)(F)F
11159021,1,C1=CC(=C(C(=C1)Cl)C(=O)NCC2=C(C=C(C=N2)C(F)(F)F)Cl)Cl
11158353,1,C1=CC=C(C(=C1)C(=O)NCCC2=C(C=C(C=N2)C(F)(F)F)Cl)C(F)(F)F
11048796,1,CON=C(C1=CC=CC=C1OC2=C(C(=NC=N2)OC3=CC=CC=C3Cl)F)C4=NOCCO4
16752772,1,C1C(=CC(=O)O1)N(CC2=CN=C(C=C2)Cl)CC(F)F
91677,1,C1C(C(C(=O)N1C2=CC=CC(=C2)C(F)(F)F)Cl)CCl
50465,1,C(C(=O)O)OC1=NC(=C(C(=C1Cl)N)Cl)F
44151818,1,COC1=CC=CC=C1N2CCSC2=C(C#N)SC3=C(C=CC(=C3)C(F)(F)F)F
47898,1,CC(C)OC1=CC=CC(=C1)NC(=O)C2=CC=CC=C2C(F)(F)F
16095400,1,CN1C=C(C(=N1)C(F)F)C(=O)NC2=CC=CC=C2C3=CC(=C(C(=C3)F)F)F
8607,1,C1=CC=C2C(=C1)C(=O)N(C2=O)SC(Cl)(Cl)Cl
11419598,1,CN(C)C(=O)C1=C(C=C(C=C1)NC=O)S(=O)(=O)NC(=O)NC2=NC(=CC(=N2)OC)OC
93379,1,C1=CC=C(C=C1)NC(=O)NC2=CC(=NC=C2)Cl
31099,1,CNC(=O)OC1=CC=CC(=C1)N=CN(C)C
6328134,1,CCO[P+](=O)O
91758,1,CCC(C)SP(=O)(N1CCSC1=O)OCC
2723872,1,C1C(C(C(C(O1)(CO)O)O)O)O
6440554,1,CC1(C(C1C(=O)OC(C#N)C2=CC(=CC=C2)OC3=CC=CC=C3)C=C(C(F)(F)F)Cl)C
637566,1,CC(=CCCC(=CCO)C)C
6466,1,CC12C(C=CC3(C1C(C45C3CCC(C4)(C(=C)C5)O)C(=O)O)OC2=O)O
6466,1,CC12C(C=CC3(C1C(C45C3CCC(C4)(C(=C)C5)O)C(=O)O)OC2=O)O
3496,1,C(C(=O)O)NCP(=O)(O)O
16656802,1,COC1=C(C=CC(=C1F)C2=NC(=C(C(=C2)N)Cl)C(=O)OC)Cl
12393,1,CCCCCCCCCCCCCCCCOC(=O)C
13218777,1,CC1C(SC(=O)N1C(=O)NC2CCCCC2)C3=CC=C(C=C3)Cl
784,1,OO
24781,1,CC1=CC(=O)NO1
86137,1,CC(C)C1(C(=O)NC(=N1)C2=C(C=C(C=N2)COC)C(=O)O)C
19085256,1,CCC(C1=CC2=CC=CC=C2N1)C(=O)O
11496886,1,CC1=NC(=NC(=N1)OC)NC(=O)NS(=O)(=O)C2=C(C=CC(=C2)I)C(=O)O
86211,1,CC(C)C1CCC(C1(CN2C=NC=N2)O)CC3=CC=C(C=C3)Cl
10958189,1,CC1=CC=C(C=C1)C(C)NC(=O)C(C(C)C)NC(=O)OC(C)C
24393,1,[O-]S(=O)(=O)[O-].[Fe+2]
71657865,1,CC1=C(SC=C1)C(=O)NC(C)(C)C(=O)C2=C(C=C(C=C2)OC(C)C)C
73672,1,CCC(C)(CC)C1=NOC(=C1)NC(=O)C2=C(C=CC=C2OC)OC
84098,1,CS(=O)(=O)C1=C(C=CC(=C1)C(F)(F)F)C(=O)C2=C(ON=C2)C3CC3
6112114,1,CC1=CC=CC=C1OCC2=CC=CC=C2C(=NOC)C(=O)OC
54670067,1,C(C(C1C(=C(C(=O)O1)O)O)O)O
5862,1,C(C(C(=O)O)N)S
439306,1,C(C1C(C(C(C(O1)O)O)OC2C(C(C(C(O2)CO)O)OC3C(C(C(C(O3)CO)O)O)O)O)O)O
11264867,1,CC(=CCC(COC(=O)C=C(C)C)C(=C)C)C
16559,1,C1CCC(CC1)N2C(=O)C3=C(CCC3)NC2=O
7204,1,CC1=C(C=CC(=C1)Cl)OCC(=O)O
7207,1,CC1=C(C=CC(=C1)Cl)OCCCC(=O)O
61546,1,[Mg+2].[Mg+2].[Mg+2].[P-3].[P-3]
4004,1,CCOC(=O)CC(C(=O)OCC)SP(=S)(OC)OC
21954,1,C1=CC(=O)NNC1=O
10935908,1,CC1=CC(=C(C=C1)C)OCC2=CC=CC=C2C(C(=O)NC)OC
11292824,1,COC1=C(C=CC(=C1)CCNC(=O)C(C2=CC=C(C=C2)Cl)OCC#C)OCC#C
185588,1,CC1=C(C=CC(=C1)Cl)OC(C)C(=O)O
71230671,1,CC(CN1C=NC=N1)(C2=C(C=C(C=C2)OC3=CC=C(C=C3)Cl)C(F)(F)F)O
86296,1,CC#CC1=NC(=NC(=C1)C)NC2=CC=CC=C2
18743,1,C[N+]1(CCCCC1)C
5284389,1,CCCCCCC(C)C1=C(C(=CC(=C1)[N+](=O)[O-])[N+](=O)[O-])OC(=O)C=CC
11520759,1,COC1=CC(=NC(=N1)NC(=O)NS(=O)(=O)C2=C(C=CC(=C2)CNS(=O)(=O)C)C(=O)O)OC
175967,1,CS(=O)(=O)C1=CC(=C(C=C1)C(=O)C2C(=O)CCCC2=O)[N+](=O)[O-]
11614934,1,C1=CC(=CC(=C1)C(F)(F)F)C(=NNC(=O)NC2=CC=C(C=C2)OC(F)(F)F)CC3=CC=C(C=C3)C#N
42586,1,CC1=C(C(=CC=C1)C)N(C(C)C(=O)OC)C(=O)COC
11150163,1,CC1=C(C(=CC=C1)C)N(C(C)C(=O)OC)C(=O)COC
61021,1,CC1OC(OC(OC(O1)C)C)C
38854,1,CC1=NN=C(C(=O)N1N)C2=CC=CC=C2
49384,1,CC1=C(C(=CC=C1)C)N(CN2C=CC=N2)C(=O)CCl
86210,1,CC1(CCC(C1(CN2C=NC=N2)O)CC3=CC=C(C=C3)Cl)C
105010,1,CC1=CC(=CC(=C1)C(=O)N(C(C)(C)C)NC(=O)C2=C(C(=CC=C2)OC)C)C
5284484,1,C(CNC(=S)[S-])NC(=S)[S-].[Zn+2]
18290,1,CN(C(=O)NC1=CC=C(C=C1)Br)OC
6451057,1,CC1=CC(=C(C(=C1C(=O)C2=C(C=CC(=C2C)Br)OC)OC)OC)OC
30479,1,CC(C)(C)C1=NN=C(N(C1=O)N)SC
52999,1,CC1=NC(=NC(=N1)OC)NC(=O)NS(=O)(=O)C2=CC=CC=C2C(=O)OC
9828343,1,CC1CCC2(CC3CC(O2)CC=C(CC(C=CC=C4COC5C4(C(C=C(C5O)C)C(=O)O3)O)C)C)OC1C
27189,1,CCN(CC)C(=O)C(C)OC1=CC=CC2=CC=CC=C21
73281,1,CN(C)C(=O)C1=C(N=CC=C1)S(=O)(=O)NC(=O)NC2=NC(=CC(=N2)OC)OC
9595287,1,CNC(=O)ON=C(C(=O)N(C)C)SC
56945145,1,CC1=CC(=NN1CC(=O)N2CCC(CC2)C3=NC(=CS3)C4=NOC(C4)C5=C(C=CC=C5F)F)C(F)(F)F
39327,1,CCOC1=C(C=CC(=C1)OC2=C(C=C(C=C2)C(F)(F)F)Cl)[N+](=O)[O-]
158076,1,CC(C)(C)C(C(CC1=CC=C(C=C1)Cl)N2C=NC=N2)O
91693,1,CCCC(CN1C=NC=N1)C2=C(C=C(C=C2)Cl)Cl
38479,1,CCC(CC)NC1=C(C=C(C(=C1[N+](=O)[O-])C)C)[N+](=O)[O-]
11674113,1,CC1=NN(C(=C1C(=O)NC2=CC=CC=C2C(C)CC(C)C)F)C
11784975,1,COC1=CN=C(N2C1=NC(=N2)NS(=O)(=O)C3=C(C=CC=C3OCC(F)F)C(F)(F)F)OC
11388558,1,CC(C)CC(C)C1=C(C=CS1)NC(=O)C2=CN(N=C2C(F)(F)F)C
6450826,1,CCOCCN(C(=O)CCl)C(=C(C)C)C1=CC=CC=C1
24744,1,CC1=CC(=CC=C1)NC(=O)OC2=CC=CC(=C2)NC(=O)OC
24404,1,P
15965,1,C1(=C(C(=NC(=C1Cl)Cl)C(=O)O)Cl)N
3294375,1,C1=CC(=CC(=C1)OC2=CC=CC(=N2)C(=O)NC3=CC=C(C=C3)F)C(F)(F)F
210326,1,CCC1=CC(=CC(=C1C2=C(N3CCOCCN3C2=O)OC(=O)C(C)(C)C)CC)C
31645,1,CC1=C(N=C(N=C1OC(=O)N(C)C)N(C)C)C
34526,1,CCN(CC)C1=NC(=CC(=N1)OP(=S)(OC)OC)C
516893,1,C(=O)(O)[O-].[K+]
184900,1,CCC(=O)C1C(=O)CC(CC1=O)C(=O)O
32490,1,CCCOC(=O)NCCCN(C)C
16213016,1,CC(C(=O)OCCON=C(C)C)OC1=CC=C(C=C1)OC2=CN=C3C=C(C=CC3=N2)Cl
177355,1,CCCOC1=NN(C(=O)N1C)C(=O)NS(=O)(=O)C2=CC=CC=C2C(=O)OC
32154,1,CC(C)(C#C)NC(=O)C1=CC(=CC(=C1)Cl)Cl
11057771,1,CCCN1C(=O)C2=C(C=CC(=C2)I)N=C1OCCC
62020,1,CCCN(CCC)C(=O)SCC1=CC=CC=C1
91751,1,CC1=NC(=NC(=N1)OC)NC(=O)NS(=O)(=O)C2=CC=CC=C2CCC(F)(F)F
6451142,1,C1CC1(C(CC2=CC=CC=C2Cl)(CN3C(=S)N=CN3)O)Cl
6422843,1,COC(=O)N(C1=CC=CC=C1COC2=NN(C=C2)C3=CC=C(C=C3)Cl)OC
182951,1,CCOC(=O)COC1=C(C=C(C(=C1)C2=NN(C(=C2Cl)OC(F)F)C)F)Cl
71310221,1,CC1=C(C(=O)CC1OC(=O)C2C(C2(C)C)C=C(C)C)CC=CC=C.CC1=C(C(=O)CC1OC(=O)C2C(C2(C)C)C=C(C)C(=O)OC)CC=CC=C
91754,1,CC(C)(C)C1=CC=C(C=C1)CSC2=C(C(=O)N(N=C2)C(C)(C)C)Cl
11488729,1,C1=CC(=NC=C1C(F)(F)F)OCCCOC2=C(C=C(C=C2Cl)OCC=C(Cl)Cl)Cl
41463,1,CCCCCCCCSC(=O)OC1=CC(=NN=C1C2=CC=CC=C2)Cl
91650,1,CC1=CC(=NC(=N1)NC2=CC=CC=C2)C
23082663,1,CC1=CC(=C(C(=C1C(=O)C2=C(C(=CN=C2OC)Cl)C)OC)OC)OC
91753,1,CC(COC1=CC=C(C=C1)OC2=CC=CC=C2)OC3=CC=CC=N3
11571555,1,COC1=CC(=NC2=NC(=NN12)NS(=O)(=O)C3=C(C=CN=C3OC)C(F)(F)F)OC
24261,1,O=[Si]=O
91749,1,CC1=CC2=C(C(=C(C=C2)Cl)C(=O)O)N=C1
5484172,1,CC(C(=O)O)OC1=CC=C(C=C1)OC2=CN=C3C=C(C=CC3=N2)Cl
1617113,1,CCOC(=O)C(C)OC1=CC=C(C=C1)OC2=CN=C3C=C(C=CC3=N2)Cl
86175,1,CC(C(=O)OCC1CCCO1)OC2=CC=C(C=C2)OC3=CN=C4C=C(C=CC4=N3)Cl
13229577,1,CC(CCC(CCC=C)C(=C)C)CCOC(=O)C
11140605,1,CCC1=CC=CC(=C1N(C(C)COC)C(=O)CCl)C
11688533,1,CN1C=C(C(=N1)C(F)F)C(=O)NC2=CC=CC=C2C3CC3C4CC4
9881821,1,CC1=C(SC(=C1C(=O)NCC=C)[Si](C)(C)C)C
3017748,1,COC1=C(C=C(C=C1)[N+](=O)[O-])[O-].[Na+]
5234,1,[Na+].[Cl-]
69985,1,C1=CC=C(C(=C1)[N+](=O)[O-])[O-].[Na+]
13214,1,C1=CC(=CC=C1[N+](=O)[O-])[O-].[Na+]
53297414,1,CCC1CCCC(C(C(=O)C2=CC3C(C2CC(=O)O1)CCC4C3CC(C4)OC5C(C(C(C(O5)C)OC)OCC)OC)C)OC6CCC(C(O6)C)N(C)C
56841558,1,CCC1CCCC(C(C(=O)C2=CC3C4CC(CC4C=CC3C2CC(=O)O1)OC5C(C(C(C(O5)C)OC)OC)OC)C)OC6CCC(C(O6)C)N(C)C.CCC1CCCC(C(C(=O)C2=CC3C4CC(CC4C(=CC3C2CC(=O)O1)C)OC5C(C(C(C(O5)C)OC)OC)OC)C)OC6CCC(C(O6)C)N(C)C
9907412,1,CC1=CC(=C(C(=C1)C)C2=C(C3(CCCC3)OC2=O)OC(=O)CC(C)(C)C)C
9969573,1,CCOC(=O)OC1=C(C(=O)NC12CCC(CC2)OC)C3=C(C=CC(=C3)C)C
86160,1,CCCN(CC)CC1COC2(O1)CCC(CC2)C(C)(C)C
5988,1,C(C1C(C(C(C(O1)OC2(C(C(C(O2)CO)O)O)CO)O)O)O)O
91760,1,CS(=O)(=O)C1=CC(=C(C=C1)C(=O)C2C(=O)CCCC2=O)Cl
86426,1,CCS(=O)(=O)C1=C(N2C=CC=CC2=N1)S(=O)(=O)NC(=O)NC3=NC(=CC(=N3)OC)OC
16723172,1,CC(C1=CN=C(C=C1)C(F)(F)F)S(=NC#N)(=O)C
17607,1,O=S(=O)(F)F
5362487,1,[S]
86102,1,CC(C)(C)C(CCC1=CC=C(C=C1)Cl)(CN2C=NC=N2)O
91773,1,CCC1=CC=C(C=C1)C(=O)NN(C(=O)C2=CC(=CC(=C2)C)C)C(C)(C)C
86354,1,CCC1=NN(C(=C1Cl)C(=O)NCC2=CC=C(C=C2)C(C)(C)C)C
11534837,1,CC1=C(C(=C(C(=C1F)F)COC(=O)C2C(C2(C)C)C=C(C(F)(F)F)Cl)F)F
11556911,1,CS(=O)(=O)C1=C(C(=C(C=C1)C(=O)C2C(=O)CCCC2=O)Cl)COCC(F)(F)F
22206,1,CCNC1=NC(=NC(=N1)Cl)NC(C)(C)C
80277,1,C1=CC(=C(C=C1Cl)Cl)C(CN2C=NC=N2)COC(C(F)F)(F)F
8209,1,CCCCCCCCCCCCCCO
5430,1,C1=CC=C2C(=C1)NC(=N2)C3=CSC=N3
11205153,1,CC1=C(C(=CS1)C(=O)OC)S(=O)(=O)NC(=O)N2C(=O)N(C(=N2)OC)C
73674,1,CC1=NC(=NC(=N1)OC)NC(=O)NS(=O)(=O)C2=C(SC=C2)C(=O)OC
6989,1,CC1=CC(=C(C=C1)C(C)C)O
91664,1,CC1=CC(=C(C(=C1)Cl)OP(=S)(OC)OC)Cl
5543,1,CC(C)N(C(C)C)C(=O)SCC(=C(Cl)Cl)Cl
15825719,1,[OH-].[OH-].[OH-].[OH-].[OH-].[OH-].[O-]S(=O)(=O)[O-].[Cu+2].[Cu+2].[Cu+2].[Cu+2]
41428,1,C1=C(C(=NC(=C1Cl)Cl)OCC(=O)O)Cl
11664966,1,CC(=NOCC1=CC=CC=C1C(=NOC)C(=O)OC)C2=CC(=CC=C2)C(F)(F)F
86416,1,CC1=C(C(=CC=C1)C(=O)O)S(=O)(=O)NC(=O)NC2=NC(=NC(=N2)OCC(F)(F)F)N(C)C
6537961,1,CC1(CCC(=CC2=CC=C(C=C2)Cl)C1(CN3C=NC=N3)O)C
11657899,1,COC1=NC(=NC(=N1)NC(=O)NS(=O)(=O)C2=CC=CC=C2C(F)(F)F)C(F)(F)F
1176,1,C(=O)(N)N
176,1,CC(=O)O
5363260,1,CCCCC=CCCCCCCCCC=CCCOC(=O)C
25113606,1,[P-3].[P-3].[Zn+2].[Zn+2].[Zn+2]
8722,1,CN(C)C(=S)[S-].CN(C)C(=S)[S-].[Zn+2]
122087,1,CCC(C)(C(=O)CCl)NC(=O)C1=CC(=C(C(=C1)Cl)C)Cl
6440557,1,CC1(C(C1C(=O)OC(C#N)C2=CC(=CC=C2)OC3=CC=CC=C3)C=C(C(F)(F)F)Cl)C
12531,1,CCCCCCCCCCCCCCOC(=O)C
91768,1,CC(C)C(C(=O)OC(C#N)C1=CC(=CC=C1)OC2=CC=CC=C2)NC3=C(C=C(C=C3)C(F)(F)F)Cl
16945,0,C12(C3(C4(C5(C3(C(C1(C5(C2(C4(Cl)Cl)Cl)Cl)Cl)(Cl)Cl)Cl)Cl)Cl)Cl)Cl
5371560,0,CC(=CC(=O)N(C)C)OP(=O)(OC)OC
15531,0,C1=C(C=C(C(=C1Br)O)Br)C#N
2078,0,CCC1=C(C(=CC=C1)CC)N(COC)C(=O)CCl
5281875,0,CC1(CNC(=NC1)NN=C(C=CC2=CC=C(C=C2)C(F)(F)F)C=CC3=CC=C(C=C3)C(F)(F)F)C
4420,0,COP(=O)(OC)OC(C(Cl)(Cl)Br)Br
13707,0,CCOP(=O)(N=C1SCC(S1)C)OCC
38779,0,CCCSP(=O)(OCC)OC1=C(C=C(C=C1)Br)Cl
8268,0,C1=CC(=CC=C1C(C2=CC=C(C=C2)Cl)(C(Cl)(Cl)Cl)O)Cl
31200,0,CC1=C(C=CC(=C1)OP(=S)(OC)OC)[N+](=O)[O-]
35970,0,CN(C)C1CSSSC1
6209,0,C[N+](C)(C)CCO.[Cl-]
2734819,0,C1=CC(=C(C(=C1)Cl)C(=S)N)Cl
83975,0,CC(=CC1C(C1(C)C)C(=O)OCN2C(=O)C3=C(C2=O)CCCC3)C
86287519,0,CNC(=N[N+](=O)[O-])NCC1=CN=C(S1)Cl
931,0,C1=CC=C2C=CC=CC2=C1
13709,0,COC1=NN(C(=O)S1)CSP(=S)(OC)OC
16685,0,C1=CC(=CC=C1SC2=CC(=C(C=C2Cl)Cl)Cl)Cl
91770,0,CC1=CC(=C(N=C1)C2=NC(C(=O)N2)(C)C(C)C)C(=O)O
5281166,0,CCC=CCC1C(CCC1=O)CC(=O)O
3391107,0,C1=CC(=CC=C1OC2=C3C(=CC(=CC3=NC=C2)Cl)Cl)F
24822142,0,CC(C1CC1)NC(=O)C2=C(C(=CC(=C2)Cl)Br)NC(=O)C3=CC(=NN3C4=C(C=CC=N4)Cl)Br
2723816,0,CCC(=O)[O-].[Na+]
443495,0,[O-][As]=O.[Na+]
2912,0,CC1(C(C1C(=O)OC(C#N)C2=CC(=CC=C2)OC3=CC=CC=C3)C=C(Cl)Cl)C
135424353,0,CCCCC1=C(N=C(NC1=O)N(C)C)C
54886,0,CCOC(=O)CCN(C(C)C)SN(C)C(=O)OC1=CC=CC2=C1OC(C2)(C)C
37517,0,CC(C)NC(=O)N1CC(=O)N(C1=O)C2=CC(=CC(=C2)Cl)Cl
91744,0,CC1=CSC(=C1N(C(C)COC)C(=O)CCl)C
78458,0,C1=CC=C(C=C1)NC(=O)C2=CC=CC=C2C(=O)O
9955886,0,COC1=CC(=NC(=N1)NC(=O)NS(=O)(=O)C2=C(C=CC=N2)OCC(F)(F)F)OC
16116,0,CC1CCCCC1NC(=O)NC2=CC=CC=C2
25572,0,COC1=CC=C(C=C1)C(C2CC2)(C3=CN=CN=C3)O
135585373,0,CCC(=NOCC=CCl)C1=C(CC(CC1=O)C2CCOCC2)O
23665760,0,[O-]Cl.[Na+]
7474,0,C1=CC(=CC=C1[N+](=O)[O-])Cl
34313,0,CC1=C(OC(=C1C(=O)NC2=CC=CC=C2)C)C
32518,0,CCCCCCCCCCCCCN1CC(OC(C1)C)C
6421,0,C(=O)(C(Cl)(Cl)Cl)O
86287521,0,C1=CC(=C(C=C1[N+](=O)[O-])[N+](=O)[O-])ON=CC2=CC(=C(C(=C2)Br)O)Br
38235,0,CC(C)(C)C(=NOC(=O)NC)CSC
9571009,0,CC(C(=NOC(=O)NC)C)S(=O)(=O)C
3346,0,CC1=C(C=CC(=C1)OP(=S)(OC)OC)SC
170012,0,CN(CCC(CC(=O)NC1C=CC(OC1C(=O)O)N2C=CC(=NC2=O)N)N)C(=N)N
86443,0,CC1=CC(=NC(=N1)NC(=O)NS(=O)(=O)C2=CC=CC=C2C(=O)OC3COC3)C
4169,0,CCC1=CC=CC(=C1N(C(C)COC)C(=O)CCl)C
75778,0,CCCCCCCCCCCCCCCCCCOC(=O)CCCCCCCCCCCCCCC
6436606,0,CC1(C(C1C(=O)OC(C#N)C2=CC(=CC=C2)OC3=CC=CC=C3)C=CC(=O)OC(C(F)(F)F)C(F)(F)F)C
12898,0,CC1=CC=C(C=C1)N(SC(F)(Cl)Cl)S(=O)(=O)N(C)C
93365,0,CC1CN(CC(O1)C)CC(C)CC2=CC=C(C=C2)C(C)(C)C
54676884,0,C1C(CC2=CC=CC=C2C1C3=C(C4=CC=CC=C4OC3=O)O)C5=CC=C(C=C5)C6=CC=CC=C6
29393,0,CCCN(CCC)C1=C(C=C(C=C1[N+](=O)[O-])S(=O)(=O)N)[N+](=O)[O-]
86422,0,CC1=C(C(=C(C=C1)Cl)NS(=O)(=O)C2=NN3C(=CC(=NC3=N2)OC)OC)Cl
7430,0,C1=C(C=C(C(=C1Cl)N)Cl)[N+](=O)[O-]
9411,0,CCC(C)N1C(=O)C(=C(NC1=O)C)Br
7858,0,C=CCO
9576091,0,CCOC(=O)CCN(CC1=CC=CC=C1)SN(C)C(=O)ON=C(C)SC
86353,0,C1=CC=C(C=C1)C2=NC(=NN2C3=CC(=C(C=C3)Cl)COCC(C(F)(F)F)(F)F)C(=O)N
6327657,0,C1=CC=C(C=C1)[Sn](C2=CC=CC=C2)C3=CC=CC=C3.O
4937,0,CC(C)NC1=NC(=NC(=N1)Cl)NC(C)C
51369,0,CC1=C(C(=CC=C1)C)N(C(C)C(=O)OC)C(=O)CC2=CC=CC=C2
12988,0,CC(=C)CCO
25429,0,COC(=O)NC1=NC2=CC=CC=C2N1
30773,0,CCNC1=NC(=NC(=N1)Cl)NC(C)(C)C#N
17038,0,C1C=CCC2C1C(=O)N(C2=O)SC(C(Cl)Cl)(Cl)Cl
13290,0,CC(C)NC1=NC(=NC(=N1)NCCCOC)SC
560256,0,CN(C)C(=S)[S-].[Na+]
9954185,0,CC(C)OC1=NC(=CC(=N1)OCC2=CC=CC=C2C(=COC)C(=O)OC)C(F)(F)F
443629,0,C1C(C(C(C(C1NC2C=C(C(C(C2O)O)O)CO)O)O)OC3C(C(C(C(O3)CO)O)O)O)CO
30859,0,CCOP(=S)(OCC)OC1=CC(=C(C=C1Cl)SC)Cl
12542,0,C(C(=O)N)F
19756,0,C1=CC=C2C(=C1)NC(=N2)C3=CC=CO3
104926,0,CC1(C(C1C(=O)OC(C#N)C2=CC(=C(C=C2)F)OC3=CC=CC=C3)C=C(Cl)Cl)C
54680676,0,C1C(CC2=CC=CC=C2C1C3=C(C4=CC=CC=C4OC3=O)O)C5=CC=C(C=C5)C6=CC=C(C=C6)Br
91656,0,CC(C)(C)C(C(N1C=NC=N1)OC2=CC=C(C=C2)C3=CC=CC=C3)O
516872,0,C(#N)[S-].[K+]
19395,0,CCOP(=S)(OCC)OP(=S)(OCC)OCC
4793,0,CCOP(=S)(OCC)SCN1C2=C(C=C(C=C2)Cl)OC1=O
6100711,0,CC(CNC(=S)[S-])NC(=S)[S-].[Zn+2]
5371455,0,CCCCCC=CC=CC(=O)OCC
177863,0,CCC(C)(C)C(=O)OC1=C(C(=O)OC12CCCCC2)C3=C(C=C(C=C3)Cl)Cl
58167,0,C1C2C(C(C(C1(Cl)Cl)(C2(CCl)C(Cl)Cl)CCl)Cl)Cl
3347,0,CC(C)C(C1=CC=C(C=C1)Cl)C(=O)OC(C#N)C2=CC(=CC=C2)OC3=CC=CC=C3
91708,0,C1=CC(=C(C(=C1)F)C(=O)NC(=O)NC2=CC(=C(C(=C2)Cl)OC3=C(C=C(C=N3)C(F)(F)F)Cl)Cl)F
28299,0,F[Si-2](F)(F)(F)(F)F.[Ba+2]
73995022,0,CC(C)CC(C(=NC(CCC(=N)O)C(=NC(CC(=O)O)C(=NC(CCCCN)C(=O)O)O)O)O)N=C(C(CCC(=O)O)N=C(C(CC(=O)O)N=C(C(CCC(=O)O)N=C(C(C(C)O)N=C(C(CCC(=N)O)N=C(C(CCC(=N)O)N=C(C(CCC(=N)O)N=C(C(CCC(=O)O)N=C(C(CCC(=O)O)N=C(C(COP(=O)(O)O)N=C(C(CCC(=N)O)N=C(C(CC1=CC=CC=C1)N)O)O)O)O)O)O)O)O)O)O)O)O
6585,0,CC(=O)OO
91634,0,C1CCC(CC1)[Sn](C2CCCCC2)(C3CCCCC3)N4C=NC=N4
14994,0,CC(C)(C)C1=C(C(=CC(=C1)[N+](=O)[O-])[N+](=O)[O-])O
14322,0,CC1=CC(=CC=C1)OC(=O)NC
86138,0,C1=CC=C(C=C1)C(CCC2=CC=C(C=C2)Cl)(CN3C=NC=N3)C#N
15787,0,C1=CC(=CC=C1[N+](=O)[O-])OC2=C(C=C(C=C2)Cl)Cl
51556,0,CS(=O)(=O)NC(=O)C1=C(C=CC(=C1)OC2=C(C=C(C=C2)C(F)(F)F)Cl)[N+](=O)[O-]
86417,0,C1=CC2=C(C=C1F)C(=O)N(C(=N2)N3C=NC=N3)C4=C(C=C(C=C4)Cl)Cl
3623881,0,CCOC1=CC=CC=C1OS(=O)(=O)NC(=O)NC2=NC(=CC(=N2)OC)OC
114850,0,C1CC2C3CCC[N+]4(C3C(CCC4)CN2C(=O)C1)[O-]
135398658,0,C1=CC(=CC=C1C(=O)NC(CCC(=O)O)C(=O)O)NCC2=CN=C3C(=N2)C(=O)NC(=N3)N
1480,0,C1=C(C(=CC(=C1Cl)Cl)Cl)OCC(=O)O
73675,0,C[Si](CN1C=NC=N1)(C2=CC=C(C=C2)F)C3=CC=C(C=C3)F
93200,0,COCCO[Si](CCCl)(OCCOC)OCCOC
24685,0,CC(C)OC(=O)NC1=CC=CC=C1
281,0,[C-]#[O+]
23717,0,CCCOP(=O)(OCCC)OC1=CC=C(C=C1)SC
71482,0,COP(=O)(OC)SCN1C2=C(C=C(C=N2)Cl)OC1=O
3015768,0,C1=CC=C2C=C(C=CC2=C1)OCC(=O)N
5355863,0,CC(=CC(=O)OC)OP(=O)(OC)OC
6327054,0,C1CCC(CC1)[Sn](C2CCCCC2)C3CCCCC3.O
10313079,0,CN(C)C.Cl
11486133,0,CC(=NOC)C(=NOC)C(=NOCC1=CC=CC=C1C(=NOC)C(=O)NC)C
7456,0,COC(=O)C1=CC=C(C=C1)O
40896,0,CC1=CC(=C(C=C1NC(=O)C)NS(=O)(=O)C(F)(F)F)C
8797,0,CC1=CC=C(C=C1)OC(=O)C
32921,0,CNC(=O)N(C)C1=NN=C(S1)C(F)(F)F
3031,0,C1=CC(=C(C(=C1)Cl)C#N)Cl
4408229,0,CC(C)NC(=O)NC1=NC2=CC=CC=C2S1
11714234,0,CC(=C1C(=O)N(C(=O)O1)C2=CC(=C(C=C2F)Cl)OC3CCCC3)C
10522,0,CCOC(=O)C(C1=CC=C(C=C1)Cl)(C2=CC=C(C=C2)Cl)O
3037,0,C1=CC(=C(C=C1Cl)CC2=C(C=CC(=C2)Cl)O)O
91739,0,C1=CC(=C(C2=NC=C(C=C21)Cl)C(=O)O)Cl
5280793,0,CC(C)C(C)C=CC(C)C1CCC2C1(CCCC2=CC=C3CC(CCC3=C)O)C
24798,0,[N+](=O)([O-])[O-].[N+](=O)([O-])[O-].[Ba+2]
123627,0,CCC1=C(C(=O)C=NN1C2=CC=C(C=C2)Cl)C(=O)O
517111,0,C(=O)([O-])[O-].[NH4+].[NH4+]
44073,0,C1=CC(=C(C=C1C(F)(F)F)Cl)OC2=CC(=C(C=C2)[N+](=O)[O-])C(=O)O
3589,0,C1=CC(C2C1C3(C(=C(C2(C3(Cl)Cl)Cl)Cl)Cl)Cl)Cl
6343,0,CCS
9809914,0,CC1(C(C1C(=O)OC(C#N)C2=CC(=CC=C2)OC3=CC=CC=C3)C(C(Br)(Br)Br)Br)C
2804318,0,CC1=C(C=C(C=C1)NC(=O)C2=C(N=NS2)C)Cl
15530,0,C1=C(C=C(C(=C1I)O)I)C#N
443048,0,CCCCCOC(=O)COC1=C(C=C(C(=C1)N2C(=O)C3=C(C2=O)CCCC3)F)Cl
39385,0,CC(C)(C)C(=O)C(N1C=NC=N1)OC2=CC=C(C=C2)Cl
65420,0,CC1(OCC2C(O1)C3C(O2)(OC(O3)(C)C)C(=O)O)C
42850,0,CC1=C(C(=CC=C1)C)N(C2CCOC2=O)C(=O)CCl
13263,0,CCNC1=NC(=NC(=N1)SC)NC(C)C
86134,0,CC(C(=O)O)OC1=CC=C(C=C1)OC2=NC3=C(O2)C=C(C=C3)Cl
135491830,0,CCCC(=NOCC)C1=C(CC(CC1=O)CC(C)SCC)O
23665571,0,CCCCCCCCC=CCCCCCCCC(=O)[O-].[K+]
195429,0,CCN(CC)C(=O)N1C=NC(=N1)S(=O)(=O)C2=C(C=C(C=C2C)C)C
7839,0,C(CBr)Br
26597,0,C1=CC=C(C=C1)OC(=O)N2C3=CC(=C(C=C3N=C2C(F)(F)F)Cl)Cl
54678504,0,C1CC(C2=CC=CC=C2C1)C3=C(C4=CC=CC=C4OC3=O)O
5853,0,COP(=O)(C(C(Cl)(Cl)Cl)O)OC
7628,0,B(O)(O)O
23665759,0,C(C(=O)[O-])Cl.[Na+]
516875,0,[O-][Mn](=O)(=O)=O.[K+]
30692,0,C1=CC=C2C(=C1)N=C(S2)SCSC#N
87176,0,CN(C)C(CSS(=O)(=O)C1=CC=CC=C1)CSS(=O)(=O)C2=CC=CC=C2
5851439,0,CCOC(=O)C(=CC1=C(C=CC(=C1)N2C(=O)C3=C(C2=O)CCCC3)Cl)Cl
5383,0,CC(C)(C)C1=NN=C(S1)N(C)C(=O)NC
3032604,0,CCN(CC)C(=O)C(=C(C)OP(=O)(OC)OC)Cl
14250,0,CCCCCCCCCCCCCC[N+](C)(C)C.[Br-]
197225,0,CC1=CC(=O)C(=NN1C2=CC=C(C=C2)Cl)C(=O)O
54740,0,CCC1=CC(=C(N=C1)C2=NC(C(=O)N2)(C)C(C)C)C(=O)O
39040,0,CC1=C2C(=CC=C1)SC3=NN=CN23
6758,0,CC(=C)C1CC2=C(O1)C=CC3=C2OC4COC5=CC(=C(C=C5C4C3=O)OC)OC
4931,0,CC(C)N(C1=CC=CC=C1)C(=O)CCl
47759,0,CCCCOC(=O)N(C)SN(C)C(=O)OC1=CC=CC2=C1OC(C2)(C)C
4618,0,CCS(=O)CCSP(=O)(OC)OC
21330,0,CC1=C(S(=O)(=O)CCO1)C(=O)NC2=CC=CC=C2
93460,0,CCCSP(=O)(OCC)OC1=CN(N=C1)C2=CC=C(C=C2)Cl
194454,0,CCC(C(C)CC(C)C(=O)CC)O
2268,0,COP(=S)(OC)SCN1C(=O)C2=CC=CC=C2N=N1
22772,0,C(SC#N)SC#N
11097730,0,C1CC1(C(=O)NC2=C(C=C(C=C2)Cl)Cl)C(=O)O
91612,0,CC(C)(C)C1=NN(C(=O)O1)C2=C(C=C(C=C2)NC(=O)N(C)C)Cl
19662,0,C1=CC2=C(C(=C1)Cl)N(C(=O)S2)CC(=O)O
4933,0,CCC(=O)NC1=CC(=C(C=C1)Cl)Cl
16181,0,CCSC(=O)N(CC(C)C)CC(C)C
16653,0,CCSC(=O)N1CCCCCC1
15951,0,CCNC1=NC(=NC(=N1)Cl)N(CC)CC
173964,0,CN1C2=C(C=CC=C2Cl)SC1=O
8264,0,CN(C)P(=O)(N(C)C)F
93541,0,C1=CC(=C(C(=C1)F)C(=O)NC(=O)NC2=CC(=C(C=C2)OC(C(OC(F)(F)F)F)(F)F)Cl)F
178795,0,CC(C(=O)O)OC1=CC=C(C=C1)OC2=CN=C3C=C(C=CC3=N2)Cl
25271089,0,CC(C)C1C2CCC1C3=C2C=CC=C3NC(=O)C4=CN(N=C4C(F)F)C
11585730,0,CCC1C(CCC2(O1)CC3CC(O2)CC=C(C(C(C=CC=C4COC5C4(C(C=C(C5O)C)C(=O)O3)O)C)OC(=O)C(=NOC)C6=CC=CC=C6)C)C
37523,0,CCC(C)N(C(C)CC)C(=O)SCC1=CC=CC=C1
4685,0,C1=CC(=CC=C1Cl)Cl
43226,0,C1=CC=C(C(=C1)C(C2=CC=C(C=C2)Cl)(C3=CN=CN=C3)O)Cl
90590,0,CC1=C(C=CO1)C(=O)NC2=CC=CC=C2
16826,0,CCCC(C)C(=O)NC1=CC(=C(C=C1)C)Cl
28935,0,COP(=S)(OC)OC1=CC(=C(C=C1Cl)I)Cl
6795,0,C1C[N+]2=CC=CC=C2C3=CC=CC=[N+]31
21873022,0,CC1=CC(=C(C=C1)C(=O)OC)C2=NC(C(=O)N2)(C)C(C)C.CC1=CC(=C(C=C1)C2=NC(C(=O)N2)(C)C(C)C)C(=O)OC
90659649,0,OOS(=O)(=O)[O-].OS(=O)(=O)[O-].OS(=O)(=O)[O-].[O-]OS(=O)(=O)[O-].[K+].[K+].[K+].[K+].[K+]
62773,0,COP(=O)(OC)OC1=C(C2C1CC=C2)Cl
30856,0,O=[Hg]
3014032,0,CCCCCCCCCCCCN1CC(OC(C1)C)C
37123,0,C1=CC(=C(C(=C1)F)C(=O)NC(=O)NC2=CC=C(C=C2)Cl)F
6336,0,CCCCC(CN1C=NC=N1)(C#N)C2=CC=C(C=C2)Cl
991,0,CCOP(=S)(OCC)OC1=CC=C(C=C1)[N+](=O)[O-]
3032297,0,C(CNC(=S)[S-])NC(=S)[S-].[Na+].[Na+]
61906,0,CCCCCCCCCC[N+](C)(C)CCCCCCCC.[Cl-]
5284462,0,COP(=O)(OC)OC(=CCl)C1=CC(=C(C=C1Cl)Cl)Cl
3526,0,C(CCCCN=C(N)N)CCCNCCCCCCCCN=C(N)N
107720,0,COC(=O)C12CC3=C(C1=NN(CO2)C(=O)N(C4=CC=C(C=C4)OC(F)(F)F)C(=O)OC)C=CC(=C3)Cl
29697,0,CCSC(=O)NCCCN(C)C
3776,0,CC(C)O
51574,0,CCOC(=O)C1(C(=O)N(C(=O)O1)C2=CC(=CC(=C2)Cl)Cl)C
6423,0,C([N+](=O)[O-])(Cl)(Cl)Cl
5371562,0,CC(=CC(=O)NC)OP(=O)(OC)OC
93532,0,CCC(C(=O)OCCCC=C)N(CC1=CC=CO1)C(=O)N2C=CN=C2
8800,0,CN(C)C(=O)NC1=CC=C(C=C1)Cl
15115,0,COC(=S)SSC(=S)OC
91679,0,CC(C)(C1=CC=CC=C1)SC(=O)N2CCCCC2
34468,0,CCN(CC)C1=C(C=C(C(=C1[N+](=O)[O-])N)C(F)(F)F)[N+](=O)[O-]
92383,0,CC1=NN(C(=C1C(=O)C2=C(C=C(C=C2)Cl)Cl)OCC(=O)C3=CC=CC=C3)C
3526,0,C(CCCCN=C(N)N)CCCNCCCCCCCCN=C(N)N
32184,0,CCOP(=S)(OCC)OC1=NN(C=N1)C2=CC=CC=C2
178368,0,CCC(N)P(=O)(O)O
10340,0,C(=O)([O-])[O-].[Na+].[Na+]
36324,0,CC1=CC(=C(C=C1)N=CN(C)C=NC2=C(C=C(C=C2)C)C)C
20965,0,CCOP(=S)(OCC)OC1=CC(=C(C=C1Cl)Br)Cl
21207,0,CCOP(=S)(N1C(=O)C2=CC=CC=C2C1=O)OCC
2314,0,CC1(OC2=C(O1)C(=CC=C2)OC(=O)NC)C
2450,0,C(C(CO)([N+](=O)[O-])Br)O
50590,0,C1CC1C(=O)N(C2CCOC2=O)C3=CC(=CC=C3)Cl
62276,0,CCOC(=O)C(C)OC(=O)C1=C(C=CC(=C1)OC2=C(C=C(C=C2)C(F)(F)F)Cl)[N+](=O)[O-]
3039,0,COP(=O)(OC)OC=C(Cl)Cl
1732,0,CC1=C(C=CC(=C1)O)Cl
992,0,C1(=C(C(=C(C(=C1Cl)Cl)Cl)Cl)Cl)O
1068,0,CSC
91740,0,CCN(C(C)C(C)C)C(=O)SCC1=CC=CC=C1
92316,0,C1=CC=C(C=C1)C2=NNC(=CC2=O)Cl
10887827,0,CC(C)(O)OC
11167,0,CN=C=S
5280795,0,CC(C)CCCC(C)C1CCC2C1(CCCC2=CC=C3CC(CCC3=C)O)C
14798,0,[OH-].[Na+]
16683004,0,CC(C)(C[Sn](CC(C)(C)C1=CC=CC=C1)(CC(C)(C)C2=CC=CC=C2)O[Sn](CC(C)(C)C3=CC=CC=C3)(CC(C)(C)C4=CC=CC=C4)CC(C)(C)C5=CC=CC=C5)C6=CC=CC=C6
5483872,0,CNC(=O)C(=NOC)C1=CC=CC=C1OC2=CC=CC=C2
6129,0,CNC(=O)OC1=CC=CC2=CC=CC=C21
53735,0,CC1=C(C(=CC=C1)C)N(C(=O)COC)N2CCOC2=O
24563,0,[Ag]I
1118,0,OS(=O)(=O)O
43234,0,CCCC1COC(O1)(CN2C=NC=N2)C3=C(C=C(C=C3)Cl)Cl
54689800,0,CC(=O)CC(C1=CC=CO1)C2=C(C3=CC=CC=C3OC2=O)O
11145,0,CCCCN(C)C(=O)NC1=CC(=C(C=C1)Cl)Cl
153920,0,CC(C)C1=NN(C(=O)N1N)C(=O)NC(C)(C)C
3034380,0,CC(C)C1=CC(=CC(=C1NC(=S)NC(C)(C)C)C(C)C)OC2=CC=CC=C2
2871,0,CCOP(=S)(OCC)OC1=CC2=C(C=C1)C(=C(C(=O)O2)Cl)C
6719,0,C1=CC=C(C=C1)C(C2=CC=CC=C2)C(=O)C3C(=O)C4=CC=CC=C4C3=O
712,0,C=O
36879,0,CC(C(=NOC(=O)NC)C)SC
11091168,0,CN(C)C(=O)C1=CC=CC=C1NS(=O)(=O)NC(=O)NC2=NC(=CC(=N2)OC)OC
3598,0,C1=C(C(=C(C(=C1Cl)Cl)CC2=C(C(=CC(=C2Cl)Cl)Cl)O)O)Cl
135571111,0,CCCC(=NOCC=C)C1=C(C(C(CC1=O)(C)C)C(=O)OC)O
86355,0,CN1C(=C(C=N1)C2=NN(N=N2)C)S(=O)(=O)NC(=O)NC3=NC(=CC(=N3)OC)OC
8809,0,CC(COC1=CC=C(C=C1)C(C)(C)C)OS(=O)OCCCl
16211101,0,C(COC=CC(C(=O)O)N)N.Cl
32872,0,CCOP(=S)(NC(C)C)OC1=CC=CC=C1C(=O)OC(C)C
6433329,0,COP(=O)(OC)OC(=CCl)C1=C(C=C(C=C1)Cl)Cl
6437842,0,CC(C)(C)C(C(=CC1CCCCC1)N2C=NC=N2)O
55790,0,CON=C(CC1=CN=CC=C1)C2=C(C=C(C=C2)Cl)Cl
15629,0,CN(C(=O)NC1=CC=C(C=C1)Cl)OC
13904,0,CC(C)NC1=NC(=NC(=N1)NC)SC
91687,0,CC(C)N(C1=CC=C(C=C1)Cl)C(=O)CSP(=S)(OC)OC
34192,0,CCN(CC)C(=O)SCC1=CC=C(C=C1)Cl
91771,0,C1C(CC2=CC=CC=C2C1C3=C(SC4=CC=CC=C4C3=O)O)C5=CC=C(C=C5)C6=CC=C(C=C6)Br
19999,0,CCC(=O)[O-].CCC(=O)[O-].[Ca+2]
79241,0,CCCCSCCO
5943,0,C(Cl)(Cl)(Cl)Cl
36679,0,CC(C)C1=CC=C(C=C1)NC(=O)N(C)C
19588,0,CCC(C)C1=CC=CC=C1OC(=O)NC
24833,0,[O-]S(=O)(=O)[O-].[Tl+].[Tl+]
7541,0,C1=CC=C(C(=C1)NC2=NC(=NC(=N2)Cl)Cl)Cl
37869,0,CC1=C(C=CC(=C1)S(=O)(=O)C2=CC=CC=C2)NS(=O)(=O)C(F)(F)F
11693711,0,CC1=C(C(=O)N(N1)C)C(=O)C2=C(C=C(C=C2)C(F)(F)F)S(=O)(=O)C
73665,0,CCCN(CCOC1=C(C=C(C=C1Cl)Cl)Cl)C(=O)N2C=CN=C2
91759,0,CC1=NC2=NC(=NN2C=C1)S(=O)(=O)NC3=C(C=CC=C3F)F
8257,0,CC(C)(C=C)O
29216,0,CNC(=O)N(C)C1=NC2=CC=CC=C2S1
6451139,0,CCC1=C(C(=NC=N1)NCCOC2=C(C(=C(C=C2)CCOCC)C)C)Cl
91625,0,C1=CC=C(C=C1)N=C2N(C(=NC(F)(F)F)C(=NC(F)(F)F)S2)C3=CC=CC=C3
11842644,0,CC(=O)N1C2=C(CN(C1=O)NCC3=CN=CC=C3)C=C(C=C2)C(C(F)(F)F)(C(F)(F)F)F
5216,0,CCNC1=NC(=NC(=N1)Cl)NCC
12541,0,CCSCCSP(=S)(OC)OC
91644,0,CCCOCCN(C1=C(C=CC=C1CC)CC)C(=O)CCl
17531,0,CCOP(=S)(OCC)SCN1C(=O)C2=CC=CC=C2N=N1
91673,0,CCC1COC(O1)(CN2C=NC=N2)C3=C(C=C(C=C3)Cl)Cl
152031,0,CCNC(=O)C(C)OC(=O)NC1=CC=CC=C1
27760,0,CCCCN1C=NN=C1
5284484,0,C(CNC(=S)[S-])NC(=S)[S-].[Zn+2]
3120,0,CN(C)C(=O)NC1=CC(=C(C=C1)Cl)Cl
33565,0,C1CN(CCN1C(C(Cl)(Cl)Cl)NC=O)C(C(Cl)(Cl)Cl)NC=O
17345,0,CN(C=O)C(=O)CSP(=S)(OC)OC
